"Epic","Feature","Story","FAILED","BROKEN","PASSED","SKIPPED","UNKNOWN"
"PSP","文件管理","","9","3","1","0","0"
"PSP","作业提交","","4","0","0","0","0"
"PSP","系统管理-计算应用","本地应用模版","0","0","7","0","0"
"PSP","系统管理-作业统计","用户统计","0","0","4","0","0"
"PSP","系统管理-报表管理","报表统计","0","0","9","0","0"
"PSP","系统管理-账单管理","作业账单","0","0","3","0","0"
"PSP","系统管理-计算应用","云应用模版","0","0","2","0","0"
"PSP","作业管理","查询功能","0","0","11","0","0"
"PSP","系统管理-许可证管理","","0","0","1","0","0"
"PSP","系统管理-作业统计","应用统计","0","0","4","0","0"
"PSP","登录功能","","0","0","3","0","0"
